;numerical attributes;formula provider;numerical label;binominal attributes;one class label;binominal label;unlabeled;updatable;polynominal label;polynominal attributes;weighted examples;missing values;nominal attributes;numeric attributes;time attributes;advanced types ;two class attributes ;date-time attributes;nominal attributes;multiple labels;two class attributes;two class label;time attributes;numeric label;missings in label;nominal label;advanced types;date-time attributes;numeric attributes
Nominal to Text;;;;;;;;;;;;;;;;;;;;;;;;;;;;;
Combine Performances;;;;;;;;;;;;;;;;;;;;;;;;;;;;;
Weight by Gini Index;True;False;False;True;False;True;False;False;True;True;False;False;;;;;;;;;;;;;;;;;
Write File;;;;;;;;;;;;;;;;;;;;;;;;;;;;;
Generate Transaction Data;;;;;;;;;;;;;;;;;;;;;;;;;;;;;
Store;;;;;;;;;;;;;;;;;;;;;;;;;;;;;
Performance (Regression);True;False;True;True;False;False;False;False;False;True;True;True;;;;;;;;;;;;;;;;;
Cluster Density Performance;;;;;;;;;;;;;;;;;;;;;;;;;;;;;
Rename by Generic Names;;;;;;;;;;;;;;;;;;;;;;;;;;;;;
Performance (User-Based);True;False;True;True;True;True;False;False;True;True;True;True;;;;;;;;;;;;;;;;;
Tree to Rules;True;False;False;True;False;True;False;False;True;True;True;True;;;;;;;;;;;;;;;;;
Generate Concatenation;;;;;;;;;;;;;;;;;;;;;;;;;;;;;
Correlation Matrix;;;;;;;;;;;;;;;;;;;;;;;;;;;;;
Execute Script;;;;;;;;;;;;;;;;;;;;;;;;;;;;;
Loop Azure Data Lake Storage Gen2;;;;;;;;;;;;;;;;;;;;;;;;;;;;;
Set Positive Value;;;;;;;;;;;;;;;;;;;;;;;;;;;;;
Create Formula;;;;;;;;;;;;;;;;;;;;;;;;;;;;;
Generate Macro;;;;;;;;;;;;;;;;;;;;;;;;;;;;;
DBSCAN;;;;;;;;;;;;False;False;True;False;False;False;False;;;;;;;;;;;
Read SPSS;;;;;;;;;;;;;;;;;;;;;;;;;;;;;
Transition Matrix;;;;;;;;;;;;;;;;;;;;;;;;;;;;;
Generalized Sequential Patterns;;;;;;;;;;;;;;;;;;;;;;;;;;;;;
Default Model;True;False;True;True;True;True;False;False;True;True;False;True;;;;;;;;;;;;;;;;;
Lift Chart (Simple);;;;;;;;;;;;;;;;;;;;;;;;;;;;;
Quality Measures;;;;;;;;;;;;;;;;;;;;;;;;;;;;;
k-Means;True;False;True;True;True;True;True;False;True;True;False;False;;;;;;;;;;;;;;;;;
Performance (Attribute Count);;;;;;;;;;;;;;;;;;;;;;;;;;;;;
Loop Attributes;;;;;;;;;;;;;;;;;;;;;;;;;;;;;
Set Data;;;;;;;;;;;;;;;;;;;;;;;;;;;;;
Subgroup Discovery;False;False;False;True;False;True;False;False;False;True;True;False;;;;;;;;;;;;;;;;;
Find Threshold;;;;;;;;;;;;;;;;;;;;;;;;;;;;;
Annotate;;;;;;;;;;;;;;;;;;;;;;;;;;;;;
Rainflow Matrix;;;;;;;;;;;;;;;;;;;;;;;;;;;;;
Random Forest;True;False;True;True;False;True;False;False;True;True;False;True;;;;;;;;;;;;;;;;;
Differentiate;;;;;;;;;;;;;;;;;;;;;;;;;;;;;
ANOVA;;;;;;;;;;;;;;;;;;;;;;;;;;;;;
Generate Nominal Data;;;;;;;;;;;;;;;;;;;;;;;;;;;;;
Rescale Confidences;;;;;;;;;;;;;;;;;;;;;;;;;;;;;
Performance (Binominal Classification);True;False;False;True;False;True;False;False;False;True;True;True;;;;;;;;;;;;;;;;;
Classification by Regression;True;False;False;True;True;True;False;False;True;True;True;True;;;;;;;;;;;;;;;;;
Generate Batch;;;;;;;;;;;;;;;;;;;;;;;;;;;;;
Remove Useless Attributes;;;;;;;;;;;;;;;;;;;;;;;;;;;;;
Shuffle;;;;;;;;;;;;;;;;;;;;;;;;;;;;;
Multi Label Modeling;True;False;False;True;False;False;True;False;False;True;True;True;;;;;;;;;;;;;;;;;
Trim;;;;;;;;;;;;;;;;;;;;;;;;;;;;;
Average;;;;;;;;;;;;;;;;;;;;;;;;;;;;;
Generate Aggregation;;;;;;;;;;;;;;;;;;;;;;;;;;;;;
Detect Outlier (LOF);;;;;;;;;;;;;;;;;;;;;;;;;;;;;
Weight by PCA;True;False;False;False;False;False;True;False;False;False;False;False;;;;;;;;;;;;;;;;;
Cluster Model Visualizer;;;;;;;;;;;;;;;;;;;;;;;;;;;;;
Optimize by Generation (AGA);;;;;;;;;;;;;;;;;;;;;;;;;;;;;
Generate Absolutes;;;;;;;;;;;;;;;;;;;;;;;;;;;;;
Statistics;;;;;;;;;;;;;;;;;;;;;;;;;;;;;
Read CSV;;;;;;;;;;;;;;;;;;;;;;;;;;;;;
Cost-Sensitive Scoring;;;;;;;;;;;;;;;;;;;;;;;;;;;;;
Merge;;;;;;;;;;;;;;;;;;;;;;;;;;;;;
Performance (Min-Max);;;;;;;;;;;;;;;;;;;;;;;;;;;;;
Additive Regression;True;False;True;True;True;False;False;False;False;True;True;True;;;;;;;;;;;;;;;;;
Aggregate;;;;;;;;;;;;;;;;;;;;;;;;;;;;;
Add;;;;;;;;;;;;;;;;;;;;;;;;;;;;;
Write Access;;;;;;;;;;;;;;;;;;;;;;;;;;;;;
Loop Files;;;;;;;;;;;;;;;;;;;;;;;;;;;;;
Generalized Linear Model;True;False;True;True;False;True;False;False;True;True;True;True;;;;;;;;;;;;;;;;;
Detect Outlier (Densities);;;;;;;;;;;;;;;;;;;;;;;;;;;;;
Naive Bayes (Kernel);True;False;False;True;False;True;False;True;True;True;True;False;;;;;;;;;;;;;;;;;
Multiply;;;;;;;;;;;;;;;;;;;;;;;;;;;;;
Subprocess;;;;;;;;;;;;;;;;;;;;;;;;;;;;;
Single Rule Induction;False;False;False;True;False;True;False;False;False;True;True;False;;;;;;;;;;;;;;;;;
Select Subprocess;;;;;;;;;;;;;;;;;;;;;;;;;;;;;
Write Database;;;;;;;;;;;;;;;;;;;;;;;;;;;;;
Subgroup Discovery (Meta);;;;;;;;;;;;;;;;;;;;;;;;;;;;;
Logistic Regression;True;False;False;True;False;True;False;False;False;True;False;True;;;;;;;;;;;;;;;;;
Quadratic Discriminant Analysis;True;False;False;False;False;True;False;False;True;False;False;False;;;;;;;;;;;;;;;;;
Loop Zip-File Entries;;;;;;;;;;;;;;;;;;;;;;;;;;;;;
Weight by Information Gain;True;False;False;True;False;True;False;False;True;True;False;False;;;;;;;;;;;;;;;;;
Extract Peaks;;;;;;;;;;;;;;;;;;;;;;;;;;;;;
Parse Numbers;;;;;;;;;;;;;;;;;;;;;;;;;;;;;
Loop Until;;;;;;;;;;;;;;;;;;;;;;;;;;;;;
Multi Horizon Forecast;True;False;False;True;False;False;True;False;False;True;True;True;;;;;;;;;;;;;;;;;
Update Salesforce;;;;;;;;;;;;;;;;;;;;;;;;;;;;;
Apply Model;;;;;;;;;;;;;;;;;;;;;;;;;;;;;
Performance (Support Vector Count);;;;;;;;;;;;;;;;;;;;;;;;;;;;;
Pivot;;;;;;;;;;;;;;;;;;;;;;;;;;;;;
Weight by Correlation;True;False;True;True;False;True;False;False;False;False;False;False;;;;;;;;;;;;;;;;;
Map Clustering on Labels;;;;;;;;;;;;;;;;;;;;;;;;;;;;;
STL Decomposition;;;;;;;;;;;;;;;;;;;;;;;;;;;;;
Bagging;True;False;True;True;True;True;False;False;True;True;True;True;;;;;;;;;;;;;;;;;
Moving Average Filter;;;;;;;;;;;;;;;;;;;;;;;;;;;;;
Generate Attributes;;;;;;;;;;;;;;;;;;;;;;;;;;;;;
Hierarchical Classification;True;False;False;True;False;False;False;False;True;True;True;True;;;;;;;;;;;;;;;;;
Generate Team Profit Data;;;;;;;;;;;;;;;;;;;;;;;;;;;;;
Add Noise;;;;;;;;;;;;;;;;;;;;;;;;;;;;;
Backward Elimination;;;;;;;;;;;;;;;;;;;;;;;;;;;;;
Optimize Weights (Evolutionary);;;;;;;;;;;;;;;;;;;;;;;;;;;;;
Performance (Classification);True;False;False;True;False;True;False;False;True;True;True;True;;;;;;;;;;;;;;;;;
Weight by Value Average;True;False;False;False;False;True;False;False;True;False;False;False;;;;;;;;;;;;;;;;;
Replace Missing Values (Series);;;;;;;;;;;;;;;;;;;;;;;;;;;;;
Read Excel;;;;;;;;;;;;;;;;;;;;;;;;;;;;;
Support Vector Machine (LibSVM);True;True;False;False;False;True;False;False;True;False;False;False;;;;;;;;;;;;;;;;;
Equalize Numerical Indices;;;;;;;;;;;;;;;;;;;;;;;;;;;;;
Logarithm;;;;;;;;;;;;;;;;;;;;;;;;;;;;;
Get Twitter Relations;;;;;;;;;;;;;;;;;;;;;;;;;;;;;
Replace (Dictionary);;;;;;;;;;;;;;;;;;;;;;;;;;;;;
Performance (Costs);;;;;;;;;;;;;;;;;;;;;;;;;;;;;
Create Archive File;;;;;;;;;;;;;;;;;;;;;;;;;;;;;
Top Down Clustering;;;;;;;;;;;;;;;;;;;;;;;;;;;;;
Read Azure Data Lake Storage;;;;;;;;;;;;;;;;;;;;;;;;;;;;;
k-Means (fast);True;False;True;True;True;True;True;False;True;True;False;False;;;;;;;;;;;;;;;;;
Optimize Weights (Forward);;;;;;;;;;;;;;;;;;;;;;;;;;;;;
Read XRFF;;;;;;;;;;;;;;;;;;;;;;;;;;;;;
Prescriptive Analytics;;;;;;;;;;;;;;;;;;;;;;;;;;;;;
Naive Bayes;True;False;False;True;False;True;False;True;True;True;True;True;;;;;;;;;;;;;;;;;
Rename Repository Entry;;;;;;;;;;;;;;;;;;;;;;;;;;;;;
Linear Regression;True;False;True;False;False;True;False;False;False;False;True;False;;;;;;;;;;;;;;;;;
Optimize by Generation (YAGGA);;;;;;;;;;;;;;;;;;;;;;;;;;;;;
Rename by Constructions;;;;;;;;;;;;;;;;;;;;;;;;;;;;;
Discretize by Entropy;;;;;;;;;;;;;;;;;;;;;;;;;;;;;
Explain Predictions;;;;;;;;;;;;;;;;;;;;;;;;;;;;;
Retrieve;;;;;;;;;;;;;;;;;;;;;;;;;;;;;
Stacking;True;True;True;True;True;True;True;True;True;True;True;True;;;;;;;;;;;;;;;;;
Extract Cluster Prototypes;;;;;;;;;;;;;;;;;;;;;;;;;;;;;
Set Role;;;;;;;;;;;;;;;;;;;;;;;;;;;;;
Support Vector Machine (PSO);True;True;False;False;False;True;False;False;False;False;False;False;;;;;;;;;;;;;;;;;
Discretize by Size;;;;;;;;;;;;;;;;;;;;;;;;;;;;;
Autocorrelation / Autocovariance;;;;;;;;;;;;;;;;;;;;;;;;;;;;;
Read Azure Blob Storage;;;;;;;;;;;;;;;;;;;;;;;;;;;;;
Rename by Replacing;;;;;;;;;;;;;;;;;;;;;;;;;;;;;
Write Azure Data Lake Storage Gen2;;;;;;;;;;;;;;;;;;;;;;;;;;;;;
Generate TFIDF;;;;;;;;;;;;;;;;;;;;;;;;;;;;;
Flatten Collection;;;;;;;;;;;;;;;;;;;;;;;;;;;;;
Relative Regression;True;False;True;True;True;False;False;False;False;True;True;True;;;;;;;;;;;;;;;;;
Recall from App;;;;;;;;;;;;;;;;;;;;;;;;;;;;;
Write Google Storage;;;;;;;;;;;;;;;;;;;;;;;;;;;;;
Mutual Information Matrix;;;;;;;;;;;;;;;;;;;;;;;;;;;;;
Generate Massive Data;;;;;;;;;;;;;;;;;;;;;;;;;;;;;
Impute Missing Values;;;;;;;;;;;;;;;;;;;;;;;;;;;;;
Loop Azure Blob Storage;;;;;;;;;;;;;;;;;;;;;;;;;;;;;
Rename File;;;;;;;;;;;;;;;;;;;;;;;;;;;;;
Polynomial Regression;True;False;True;False;False;False;False;False;False;False;True;False;;;;;;;;;;;;;;;;;
Extract Mode;;;;;;;;;;;;;;;;;;;;;;;;;;;;;
Clear Log;;;;;;;;;;;;;;;;;;;;;;;;;;;;;
Write ARFF;;;;;;;;;;;;;;;;;;;;;;;;;;;;;
Transpose;;;;;;;;;;;;;;;;;;;;;;;;;;;;;
Covariance Matrix;;;;;;;;;;;;;;;;;;;;;;;;;;;;;
Bootstrapping Validation;True;True;True;True;True;True;True;True;True;True;True;True;;;;;;;;;;;;;;;;;
Generate Prediction;;;;;;;;;;;;;;;;;;;;;;;;;;;;;
Free Memory;;;;;;;;;;;;;;;;;;;;;;;;;;;;;
Map;;;;;;;;;;;;;;;;;;;;;;;;;;;;;
Polynominal by Binominal Classification;True;False;False;True;True;True;False;False;True;True;True;True;;;;;;;;;;;;;;;;;
Performance to Data;;;;;;;;;;;;;;;;;;;;;;;;;;;;;
Numerical to Binominal;;;;;;;;;;;;;;;;;;;;;;;;;;;;;
CHAID;False;False;False;True;False;True;False;False;True;True;True;True;;;;;;;;;;;;;;;;;
Automatic Feature Engineering;;;;;;;;;;;;;;;;;;;;;;;;;;;;;
Weight by User Specification;True;True;True;True;True;True;True;True;True;True;True;True;;;;;;;;;;;;;;;;;
Loop Google Storage;;;;;;;;;;;;;;;;;;;;;;;;;;;;;
Loop Azure Data Lake Storage;;;;;;;;;;;;;;;;;;;;;;;;;;;;;
Hyper Hyper;True;False;False;False;False;True;False;False;False;False;True;False;;;;;;;;;;;;;;;;;
Apply Feature Set;;;;;;;;;;;;;;;;;;;;;;;;;;;;;
Text Vectorization;;;;;;;;;;;;;;;;;;;;;;;;;;;;;
Sample (Kennard-Stone);;;;;;;;;;;;;;;;;;;;;;;;;;;;;
Read ARFF;;;;;;;;;;;;;;;;;;;;;;;;;;;;;
Reorder Attributes;;;;;;;;;;;;;;;;;;;;;;;;;;;;;
FP-Growth;;;;;;;;;;;;;;;;;;;;;;;;;;;;;
Join;;;;;;;;;;;;;;;;;;;;;;;;;;;;;
Apply Forecast;;;;;;;;;;;;;;;;;;;;;;;;;;;;;
Extract Macro;;;;;;;;;;;;;;;;;;;;;;;;;;;;;
Unsupervised Feature Selection;;;;;;;;;;;;;;;;;;;;;;;;;;;;;
Set Macros;;;;;;;;;;;;;;;;;;;;;;;;;;;;;
Replace Infinite Values;;;;;;;;;;;;;;;;;;;;;;;;;;;;;
Item Distribution Performance;;;;;;;;;;;;;;;;;;;;;;;;;;;;;
Generate Weight (Stratification);;;;;;;;;;;;;;;;;;;;;;;;;;;;;
Perceptron;True;False;False;False;False;True;False;False;False;False;True;False;;;;;;;;;;;;;;;;;
Lag;;;;;;;;;;;;;;;;;;;;;;;;;;;;;
Read DBase;;;;;;;;;;;;;;;;;;;;;;;;;;;;;
Rename by Example Values;;;;;;;;;;;;;;;;;;;;;;;;;;;;;
Deployment Logging;;;;;;;;;;;;;;;;;;;;;;;;;;;;;
Create Lift Chart;;;;;;;;;;;;;;;;;;;;;;;;;;;;;
Logistic Regression (Evolutionary);True;False;False;False;False;True;False;False;False;False;True;False;;;;;;;;;;;;;;;;;
k-Means (H20);True;False;True;True;False;True;True;False;True;True;False;True;;;;;;;;;;;;;;;;;
Remove Attribute Range;;;;;;;;;;;;;;;;;;;;;;;;;;;;;
Optimize Selection (Weight-Guided);;;;;;;;;;;;;;;;;;;;;;;;;;;;;
Update Model;;;;;;;;;;;;;;;;;;;;;;;;;;;;;
Write CSV;;;;;;;;;;;;;;;;;;;;;;;;;;;;;
Open File;;;;;;;;;;;;;;;;;;;;;;;;;;;;;
Detect Outlier (Distances);;;;;;;;;;;;;;;;;;;;;;;;;;;;;
Write Azure Blob Storage;;;;;;;;;;;;;;;;;;;;;;;;;;;;;
Support Vector Machine (Linear);True;True;True;False;False;True;False;False;False;False;True;False;;;;;;;;;;;;;;;;;
Gradient Boosted Trees;True;False;True;True;False;True;False;False;True;True;True;True;;;;;;;;;;;;;;;;;
Select Attributes;;;;;;;;;;;;;;;;;;;;;;;;;;;;;
Support Vector Machine;True;True;True;False;False;True;False;False;False;False;True;False;;;;;;;;;;;;;;;;;
Execute SQL;;;;;;;;;;;;;;;;;;;;;;;;;;;;;
Read BibTex;;;;;;;;;;;;;;;;;;;;;;;;;;;;;
Optimize Weights (PSO);;;;;;;;;;;;;;;;;;;;;;;;;;;;;
Intersect;;;;;;;;;;;;;;;;;;;;;;;;;;;;;
Write XRFF;;;;;;;;;;;;;;;;;;;;;;;;;;;;;
Sort;;;;;;;;;;;;;;;;;;;;;;;;;;;;;
Split Validation;True;True;True;True;True;True;False;True;True;True;True;True;;;;;;;;;;;;;;;;;
Delete Salesforce;;;;;;;;;;;;;;;;;;;;;;;;;;;;;
Principal Component Analysis;;;;;;;;;;;;;;;;;;;;;;;;;;;;;
Execute Program;;;;;;;;;;;;;;;;;;;;;;;;;;;;;
Multi Label Performance;True;False;False;True;False;False;True;False;False;True;True;True;;;;;;;;;;;;;;;;;
Date to Numerical;;;;;;;;;;;;;;;;;;;;;;;;;;;;;
Optimize by Generation (Evolutionary Aggregation);;;;;;;;;;;;;;;;;;;;;;;;;;;;;
Read Stata;;;;;;;;;;;;;;;;;;;;;;;;;;;;;
Print to Console;;;;;;;;;;;;;;;;;;;;;;;;;;;;;
Optimize Selection (Evolutionary);;;;;;;;;;;;;;;;;;;;;;;;;;;;;
Multi Horizon Performance;True;False;False;True;False;False;True;False;False;True;True;True;;;;;;;;;;;;;;;;;
Read Database;;;;;;;;;;;;;;;;;;;;;;;;;;;;;
Execute Process;;;;;;;;;;;;;;;;;;;;;;;;;;;;;
Guess Types;;;;;;;;;;;;;;;;;;;;;;;;;;;;;
Visualize Model by SOM;;;;;;;;;;;;;;;;;;;;;;;;;;;;;
Integrate;;;;;;;;;;;;;;;;;;;;;;;;;;;;;
Format Numbers;;;;;;;;;;;;;;;;;;;;;;;;;;;;;
Clone Parameters;;;;;;;;;;;;;;;;;;;;;;;;;;;;;
Publish to App;;;;;;;;;;;;;;;;;;;;;;;;;;;;;
Fast Large Margin;True;False;False;False;False;True;False;False;False;False;False;False;;;;;;;;;;;;;;;;;
Normalize (Series);;;;;;;;;;;;;;;;;;;;;;;;;;;;;
Exponential Smoothing;;;;;;;;;;;;;;;;;;;;;;;;;;;;;
Rule Induction;True;False;False;True;False;True;False;False;True;True;True;True;;;;;;;;;;;;;;;;;
Linear Discriminant Analysis;True;False;False;False;False;True;False;False;True;False;False;False;;;;;;;;;;;;;;;;;
Ungroup Models;;;;;;;;;;;;;;;;;;;;;;;;;;;;;
Wrapper Split Validation;True;True;True;True;True;True;False;True;True;True;True;True;;;;;;;;;;;;;;;;;
Extract Aggregates;;;;;;;;;;;;;;;;;;;;;;;;;;;;;
Adjust Date;;;;;;;;;;;;;;;;;;;;;;;;;;;;;
Declare Missing Value;;;;;;;;;;;;;;;;;;;;;;;;;;;;;
Generate Direct Mailing Data;;;;;;;;;;;;;;;;;;;;;;;;;;;;;
Apply Association Rules;;;;;;;;;;;;;;;;;;;;;;;;;;;;;
Data to Similarity;;;;;;;;;;;;;;;;;;;;;;;;;;;;;
Remap Binominals;;;;;;;;;;;;;;;;;;;;;;;;;;;;;
Fill Data Gaps;;;;;;;;;;;;;;;;;;;;;;;;;;;;;
Loop Collection;;;;;;;;;;;;;;;;;;;;;;;;;;;;;
Work on Subset;;;;;;;;;;;;;;;;;;;;;;;;;;;;;
Weight by Relief;True;False;True;True;False;True;False;False;True;True;True;False;;;;;;;;;;;;;;;;;
Drop Uncertain Predictions;;;;;;;;;;;;;;;;;;;;;;;;;;;;;
Discretize by User Specification;;;;;;;;;;;;;;;;;;;;;;;;;;;;;
Delete Azure Data Lake Storage Gen2 Resource;;;;;;;;;;;;;;;;;;;;;;;;;;;;;
Create Threshold;;;;;;;;;;;;;;;;;;;;;;;;;;;;;
Optimize by Generation (YAGGA2);;;;;;;;;;;;;;;;;;;;;;;;;;;;;
Process Windows;;;;;;;;;;;;;;;;;;;;;;;;;;;;;
Select by Weights;;;;;;;;;;;;;;;;;;;;;;;;;;;;;
Seemingly Unrelated Regression;True;False;True;False;False;False;False;False;False;False;False;False;;;;;;;;;;;;;;;;;
Trigger Zapier;;;;;;;;;;;;;;;;;;;;;;;;;;;;;
Weight by SVM;True;False;True;False;False;True;False;False;True;False;True;False;;;;;;;;;;;;;;;;;
Optimize Parameters (Grid);;;;;;;;;;;;;;;;;;;;;;;;;;;;;
Remember;;;;;;;;;;;;;;;;;;;;;;;;;;;;;
Copy Repository Entry;;;;;;;;;;;;;;;;;;;;;;;;;;;;;
Extract Macro from Annotation;;;;;;;;;;;;;;;;;;;;;;;;;;;;;
Cross Validation;True;True;True;True;True;True;False;True;True;True;True;True;;;;;;;;;;;;;;;;;
k-Means (Kernel);True;False;True;False;True;True;True;False;True;False;True;False;;;;;;;;;;;;;;;;;
Read Salesforce;;;;;;;;;;;;;;;;;;;;;;;;;;;;;
ANOVA Matrix;;;;;;;;;;;;;;;;;;;;;;;;;;;;;
Fast Fourier Transformation;;;;;;;;;;;;;;;;;;;;;;;;;;;;;
Read Dropbox;;;;;;;;;;;;;;;;;;;;;;;;;;;;;
Weight by Information Gain Ratio;True;False;False;True;False;True;False;False;True;True;False;False;;;;;;;;;;;;;;;;;
Join Paths;;;;;;;;;;;;;;;;;;;;;;;;;;;;;
Annotations to Data;;;;;;;;;;;;;;;;;;;;;;;;;;;;;
Delete File;;;;;;;;;;;;;;;;;;;;;;;;;;;;;
Split Data;;;;;;;;;;;;;;;;;;;;;;;;;;;;;
Holt-Winters;;;;;;;;;;;;;;;;;;;;;;;;;;;;;
Extract Performance;;;;;;;;;;;;;;;;;;;;;;;;;;;;;
Generate Churn Data;;;;;;;;;;;;;;;;;;;;;;;;;;;;;
Optimize Weights (Backward);;;;;;;;;;;;;;;;;;;;;;;;;;;;;
Split;;;;;;;;;;;;;;;;;;;;;;;;;;;;;
Optimize Selection (Brute Force);;;;;;;;;;;;;;;;;;;;;;;;;;;;;
Remove Duplicates;;;;;;;;;;;;;;;;;;;;;;;;;;;;;
Unify Item Sets;;;;;;;;;;;;;;;;;;;;;;;;;;;;;
Sample (Bootstrapping);;;;;;;;;;;;;;;;;;;;;;;;;;;;;
cut;;;;;;;;;;;;;;;;;;;;;;;;;;;;;
k-Medoids;True;False;True;True;True;True;True;False;True;True;False;False;;;;;;;;;;;;;;;;;
Union;;;;;;;;;;;;;;;;;;;;;;;;;;;;;
Search Twitter;;;;;;;;;;;;;;;;;;;;;;;;;;;;;
Loop and Deliver Best;;;;;;;;;;;;;;;;;;;;;;;;;;;;;
Sort by Pareto Rank;;;;;;;;;;;;;;;;;;;;;;;;;;;;;
k-NN;True;False;True;True;False;True;False;False;True;True;False;True;;;;;;;;;;;;;;;;;
Loop Examples;;;;;;;;;;;;;;;;;;;;;;;;;;;;;
Log to Data;;;;;;;;;;;;;;;;;;;;;;;;;;;;;
Numerical to Polynominal;;;;;;;;;;;;;;;;;;;;;;;;;;;;;
Write as Text;;;;;;;;;;;;;;;;;;;;;;;;;;;;;
Read Access;;;;;;;;;;;;;;;;;;;;;;;;;;;;;
Read Azure Data Lake Storage Gen2;;;;;;;;;;;;;;;;;;;;;;;;;;;;;
Extract Coefficients (Polynomial Fit);;;;;;;;;;;;;;;;;;;;;;;;;;;;;
Data to Similarity Data;;;;;;;;;;;;;;;;;;;;;;;;;;;;;
Rescale Confidences (Logistic);;;;;;;;;;;;;;;;;;;;;;;;;;;;;
Discretize by Binning;;;;;;;;;;;;;;;;;;;;;;;;;;;;;
Wrapper-X-Validation;True;True;False;True;True;True;False;True;True;True;True;True;;;;;;;;;;;;;;;;;
Write Salesforce;;;;;;;;;;;;;;;;;;;;;;;;;;;;;
Support Vector Clustering;True;True;True;False;True;True;True;True;True;False;True;True;;;;;;;;;;;;;;;;;
Read Google Storage;;;;;;;;;;;;;;;;;;;;;;;;;;;;;
Append;;;;;;;;;;;;;;;;;;;;;;;;;;;;;
ARIMA;;;;;;;;;;;;;;;;;;;;;;;;;;;;;
Equalize Time Stamps;;;;;;;;;;;;;;;;;;;;;;;;;;;;;
Select;;;;;;;;;;;;;;;;;;;;;;;;;;;;;
ID3;False;False;False;True;False;True;False;False;True;True;True;False;;;;;;;;;;;;;;;;;
Nominal to Numerical;;;;;;;;;;;;;;;;;;;;;;;;;;;;;
Support Vector Machine (Evolutionary);True;True;True;False;False;True;False;False;False;False;True;False;;;;;;;;;;;;;;;;;
Read XML;;;;;;;;;;;;;;;;;;;;;;;;;;;;;
Numerical to Real;;;;;;;;;;;;;;;;;;;;;;;;;;;;;
Loop Amazon S3;;;;;;;;;;;;;;;;;;;;;;;;;;;;;
Independent Component Analysis;;;;;;;;;;;;;;;;;;;;;;;;;;;;;
Create Association Rules;;;;;;;;;;;;;;;;;;;;;;;;;;;;;
Loop Data Sets;;;;;;;;;;;;;;;;;;;;;;;;;;;;;
Write Message;;;;;;;;;;;;;;;;;;;;;;;;;;;;;
Nominal to Date;;;;;;;;;;;;;;;;;;;;;;;;;;;;;
Delete Azure Blob Storage Resource;;;;;;;;;;;;;;;;;;;;;;;;;;;;;
Delay;;;;;;;;;;;;;;;;;;;;;;;;;;;;;
One-Hot Encoding;;;;;;;;;;;;;;;;;;;;;;;;;;;;;
Recall;;;;;;;;;;;;;;;;;;;;;;;;;;;;;
Generate Transfer Data;;;;;;;;;;;;;;;;;;;;;;;;;;;;;
Date to Nominal;;;;;;;;;;;;;;;;;;;;;;;;;;;;;
Decision Tree (Multiway);True;False;False;True;False;True;False;False;True;True;True;True;;;;;;;;;;;;;;;;;
Optimize Parameters (Quadratic);;;;;;;;;;;;;;;;;;;;;;;;;;;;;
Generate Data (ARIMA);;;;;;;;;;;;;;;;;;;;;;;;;;;;;
Similarity to Data;;;;;;;;;;;;;;;;;;;;;;;;;;;;;
Remove Correlated Attributes;;;;;;;;;;;;;;;;;;;;;;;;;;;;;
Bayesian Boosting;True;False;True;True;True;True;False;False;True;True;True;True;;;;;;;;;;;;;;;;;
Forecast Validation;;;;;;;;;;;;;;;;;;;;;;;;;;;;;
Loop Batches;;;;;;;;;;;;;;;;;;;;;;;;;;;;;
Generate Item Set Indicators;;;;;;;;;;;;;;;;;;;;;;;;;;;;;
AdaBoost;True;False;False;True;True;True;False;False;True;True;True;True;;;;;;;;;;;;;;;;;
Sliding Window Validation;;;;;;;;;;;;;;;;;;;;;;;;;;;;;
Obfuscate;;;;;;;;;;;;;;;;;;;;;;;;;;;;;
Grouped ANOVA;;;;;;;;;;;;;;;;;;;;;;;;;;;;;
Unset Macro;;;;;;;;;;;;;;;;;;;;;;;;;;;;;
Target Encoding;;;;;;;;;;;;;;;;;;;;;;;;;;;;;
Loop Repository;;;;;;;;;;;;;;;;;;;;;;;;;;;;;
Logistic Regression (SVM);True;False;False;False;False;True;False;False;False;False;False;False;;;;;;;;;;;;;;;;;
Classic Decomposition;;;;;;;;;;;;;;;;;;;;;;;;;;;;;
Collect;;;;;;;;;;;;;;;;;;;;;;;;;;;;;
Weight by Rule;True;False;False;True;False;True;False;False;True;True;False;False;;;;;;;;;;;;;;;;;
Send Mail;;;;;;;;;;;;;;;;;;;;;;;;;;;;;
AutoMLP;True;False;False;False;False;True;False;False;True;False;False;False;;;;;;;;;;;;;;;;;
Branch;;;;;;;;;;;;;;;;;;;;;;;;;;;;;
Gaussian Process;True;False;True;False;False;False;False;False;False;False;False;False;;;;;;;;;;;;;;;;;
Z-Score Peak Transformation;;;;;;;;;;;;;;;;;;;;;;;;;;;;;
Optimize Selection;;;;;;;;;;;;;;;;;;;;;;;;;;;;;
De-Obfuscate;;;;;;;;;;;;;;;;;;;;;;;;;;;;;
Loop;;;;;;;;;;;;;;;;;;;;;;;;;;;;;
Loop Values;;;;;;;;;;;;;;;;;;;;;;;;;;;;;
Replace;;;;;;;;;;;;;;;;;;;;;;;;;;;;;
Throw Exception;;;;;;;;;;;;;;;;;;;;;;;;;;;;;
Copy File;;;;;;;;;;;;;;;;;;;;;;;;;;;;;
Real to Integer;;;;;;;;;;;;;;;;;;;;;;;;;;;;;
Sample;;;;;;;;;;;;;;;;;;;;;;;;;;;;;
Random Tree;True;False;False;True;False;True;False;False;True;True;True;True;;;;;;;;;;;;;;;;;
Append (Robust);;;;;;;;;;;;;;;;;;;;;;;;;;;;;
Neural Net;True;False;True;False;False;True;False;False;True;False;True;False;;;;;;;;;;;;;;;;;
Rename;;;;;;;;;;;;;;;;;;;;;;;;;;;;;
Singular Value Decomposition;;;;;;;;;;;;;;;;;;;;;;;;;;;;;
Compare ROCs;True;True;False;True;True;True;False;True;True;True;True;True;;;;;;;;;;;;;;;;;
Add Entry to Archive File;;;;;;;;;;;;;;;;;;;;;;;;;;;;;
Weights to Data;;;;;;;;;;;;;;;;;;;;;;;;;;;;;
Write Azure Data Lake Storage;;;;;;;;;;;;;;;;;;;;;;;;;;;;;
Delete Azure Data Lake Storage Resource;;;;;;;;;;;;;;;;;;;;;;;;;;;;;
Flatten Clustering;;;;;;;;;;;;;;;;;;;;;;;;;;;;;
Model Simulator;;;;;;;;;;;;;;;;;;;;;;;;;;;;;
Update Database;;;;;;;;;;;;;;;;;;;;;;;;;;;;;
Weight by Tree Importance;;;;;;;;;;;;;;;;;;;;;;;;;;;;;
Create Example Set;;;;;;;;;;;;;;;;;;;;;;;;;;;;;
Filter Example Range;;;;;;;;;;;;;;;;;;;;;;;;;;;;;
Read Sparse;;;;;;;;;;;;;;;;;;;;;;;;;;;;;
Write Excel;;;;;;;;;;;;;;;;;;;;;;;;;;;;;
Nominal to Binominal;;;;;;;;;;;;;;;;;;;;;;;;;;;;;
Text to Nominal;;;;;;;;;;;;;;;;;;;;;;;;;;;;;
Generate Empty Attribute;;;;;;;;;;;;;;;;;;;;;;;;;;;;;
Set Macro;;;;;;;;;;;;;;;;;;;;;;;;;;;;;
Loop Labels;;;;;;;;;;;;;;;;;;;;;;;;;;;;;
Sample (Stratified);;;;;;;;;;;;;;;;;;;;;;;;;;;;;
Performance (Ranking);;;;;;;;;;;;;;;;;;;;;;;;;;;;;
Write Amazon $3;;;;;;;;;;;;;;;;;;;;;;;;;;;;;
De-Normalize;;;;;;;;;;;;;;;;;;;;;;;;;;;;;
Replace All Missings;;;;;;;;;;;;;;;;;;;;;;;;;;;;;
Sample (Model-Based);;;;;;;;;;;;;;;;;;;;;;;;;;;;;
Vote;True;False;True;True;False;True;False;False;True;True;False;False;;;;;;;;;;;;;;;;;
X-Means;True;False;True;True;True;True;True;False;True;True;False;False;;;;;;;;;;;;;;;;;
Log;;;;;;;;;;;;;;;;;;;;;;;;;;;;;
Write Dropbox;;;;;;;;;;;;;;;;;;;;;;;;;;;;;
Schedule Process;;;;;;;;;;;;;;;;;;;;;;;;;;;;;
Provide Macro as Log Value;;;;;;;;;;;;;;;;;;;;;;;;;;;;;
Performance Average (Robust);;;;;;;;;;;;;;;;;;;;;;;;;;;;;
Cartesian Product;;;;;;;;;;;;;;;;;;;;;;;;;;;;;
Generate Prediction Ranking;;;;;;;;;;;;;;;;;;;;;;;;;;;;;
Superset;;;;;;;;;;;;;;;;;;;;;;;;;;;;;
Data to Annotations;;;;;;;;;;;;;;;;;;;;;;;;;;;;;
Performance;True;False;True;True;True;True;False;False;True;True;True;True;;;;;;;;;;;;;;;;;
Generate Sales Data;;;;;;;;;;;;;;;;;;;;;;;;;;;;;
Agglomerative Clustering;True;False;True;True;True;True;True;False;True;True;False;False;;;;;;;;;;;;;;;;;
Generate Copy;;;;;;;;;;;;;;;;;;;;;;;;;;;;;
Discretize by Frequency;;;;;;;;;;;;;;;;;;;;;;;;;;;;;
Get Twitter User Details;;;;;;;;;;;;;;;;;;;;;;;;;;;;;
Select by Random;;;;;;;;;;;;;;;;;;;;;;;;;;;;;
Create Directory;;;;;;;;;;;;;;;;;;;;;;;;;;;;;
Select Recall;;;;;;;;;;;;;;;;;;;;;;;;;;;;;
Windowing;;;;;;;;;;;;;;;;;;;;;;;;;;;;;
Generate Up-Selling Data;;;;;;;;;;;;;;;;;;;;;;;;;;;;;
Optimize Parameters (Evolutionary);;;;;;;;;;;;;;;;;;;;;;;;;;;;;
Group Models;;;;;;;;;;;;;;;;;;;;;;;;;;;;;
Forward Selection;;;;;;;;;;;;;;;;;;;;;;;;;;;;;
Delete Repository Entry;;;;;;;;;;;;;;;;;;;;;;;;;;;;;
Filter Examples;;;;;;;;;;;;;;;;;;;;;;;;;;;;;
Normalize;;;;;;;;;;;;;;;;;;;;;;;;;;;;;
Decision Tree;True;False;True;True;False;True;False;False;True;True;True;True;;;;;;;;;;;;;;;;;
Apply Threshold;;;;;;;;;;;;;;;;;;;;;;;;;;;;;
Function and Seasonal Component Forecast;;;;;;;;;;;;;;;;;;;;;;;;;;;;;
Generate Multi-Label Data;;;;;;;;;;;;;;;;;;;;;;;;;;;;;
MetaCost;True;False;False;True;True;True;False;False;True;True;True;True;;;;;;;;;;;;;;;;;
Decision Tree (Weight-Based);False;False;False;True;False;True;False;False;True;True;True;False;;;;;;;;;;;;;;;;;
Read DasyLab;;;;;;;;;;;;;;;;;;;;;;;;;;;;;
Set Parameters;;;;;;;;;;;;;;;;;;;;;;;;;;;;;
Loop Parameters;;;;;;;;;;;;;;;;;;;;;;;;;;;;;
Data to Weights;True;True;True;True;True;True;True;True;True;True;True;True;;;;;;;;;;;;;;;;;
Numerical to Date;;;;;;;;;;;;;;;;;;;;;;;;;;;;;
T-Test;;;;;;;;;;;;;;;;;;;;;;;;;;;;;
Generate Data;;;;;;;;;;;;;;;;;;;;;;;;;;;;;
Materialize Data;;;;;;;;;;;;;;;;;;;;;;;;;;;;;
Self-Organizing Map;;;;;;;;;;;;;;;;;;;;;;;;;;;;;
Scale by Weights;;;;;;;;;;;;;;;;;;;;;;;;;;;;;
Read C4.5;;;;;;;;;;;;;;;;;;;;;;;;;;;;;
Weight by Component Model;True;True;True;True;True;True;True;True;True;True;True;True;;;;;;;;;;;;;;;;;
Move Repository Entry;;;;;;;;;;;;;;;;;;;;;;;;;;;;;
Weight by Uncertainty;True;False;False;True;False;True;False;False;True;True;False;False;;;;;;;;;;;;;;;;;
Loop Attribute Subsets;;;;;;;;;;;;;;;;;;;;;;;;;;;;;
Remove Unused Values;;;;;;;;;;;;;;;;;;;;;;;;;;;;;
Decision Stump;True;False;False;True;False;True;False;False;True;True;True;True;;;;;;;;;;;;;;;;;
Single Rule Induction (Single Attribute);True;False;False;True;False;True;False;False;True;True;True;False;;;;;;;;;;;;;;;;;
Relevance Vector Machine;True;False;True;False;False;True;False;False;False;False;False;False;;;;;;;;;;;;;;;;;
Get Twitter User Statuses;;;;;;;;;;;;;;;;;;;;;;;;;;;;;
Set Minus;;;;;;;;;;;;;;;;;;;;;;;;;;;;;
Replace Missing Values;;;;;;;;;;;;;;;;;;;;;;;;;;;;;
Handle Exception;;;;;;;;;;;;;;;;;;;;;;;;;;;;;
Loop and Average;;;;;;;;;;;;;;;;;;;;;;;;;;;;;
Weight by Deviation;True;False;False;False;False;False;True;False;False;False;False;False;;;;;;;;;;;;;;;;;
Generate Function Set;;;;;;;;;;;;;;;;;;;;;;;;;;;;;
Local Polynomial Regression;True;False;True;False;False;False;False;False;False;False;False;False;;;;;;;;;;;;;;;;;
Generate Weight (LPR);;;;;;;;;;;;;;;;;;;;;;;;;;;;;
Highest Peak Transformation;;;;;;;;;;;;;;;;;;;;;;;;;;;;;
Weight by Chi Squared Statistic;True;False;False;True;False;True;False;False;True;True;False;False;;;;;;;;;;;;;;;;;
Read Amazon $3;;;;;;;;;;;;;;;;;;;;;;;;;;;;;
Deep Learning;True;False;True;True;False;True;False;False;True;True;True;True;;;;;;;;;;;;;;;;;
Cluster Distance Performance;;;;;;;;;;;;;;;;;;;;;;;;;;;;;
Loop Clusters;;;;;;;;;;;;;;;;;;;;;;;;;;;;;
Optimize by Generation (GGA);;;;;;;;;;;;;;;;;;;;;;;;;;;;;
Find Threshold (Meta);True;False;False;True;True;True;False;False;True;True;True;True;;;;;;;;;;;;;;;;;
Function Fitting;;;;;False;;False;False;;;False;False;;;;;;;True;False;True;False;True;True;False;False;True;True;True
Default Forecast;;;;;;;;;;;;;;;;;;;;;;;;;;;;;
Generate Gaussians;;;;;;;;;;;;;;;;;;;;;;;;;;;;;
Generate ID;;;;;;;;;;;;;;;;;;;;;;;;;;;;;
Loop Data Fractions;;;;;;;;;;;;;;;;;;;;;;;;;;;;;
Extract Log Value;;;;;;;;;;;;;;;;;;;;;;;;;;;;;
Handle Unknown Values;;;;;;;;;;;;;;;;;;;;;;;;;;;;;
Cluster Count Performance;;;;;;;;;;;;;;;;;;;;;;;;;;;;;
Regularized Discriminant Analysis;True;False;False;False;False;True;False;False;True;False;False;False;;;;;;;;;;;;;;;;;
Vector Linear Regression;True;False;True;False;False;False;False;False;False;False;False;False;;;;;;;;;;;;;;;;;
Principal Component Analysis (Kernel);;;;;;;;;;;;;;;;;;;;;;;;;;;;;
Log to Weights;;;;;;;;;;;;;;;;;;;;;;;;;;;;;
Cross Distances;;;;;;;;;;;;;;;;;;;;;;;;;;;;;
Transformed Regression;True;False;True;True;True;False;False;False;False;True;True;True;;;;;;;;;;;;;;;;;
Random Clustering;True;False;True;True;True;True;True;False;True;True;True;True;;;;;;;;;;;;;;;;;
Transition Graph;;;;;;;;;;;;;;;;;;;;;;;;;;;;;
Generate Products;;;;;;;;;;;;;;;;;;;;;;;;;;;;;
Read URL;;;;;;;;;;;;;;;;;;;;;;;;;;;;;
Item Sets to Data;;;;;;;;;;;;;;;;;;;;;;;;;;;;;
Detect Outlier (COF);;;;;;;;;;;;;;;;;;;;;;;;;;;;;
Write Special Format;;;;;;;;;;;;;;;;;;;;;;;;;;;;;
De-Pivot;;;;;;;;;;;;;;;;;;;;;;;;;;;;;
Move File;;;;;;;;;;;;;;;;;;;;;;;;;;;;;
